state,reference,energy_unscaled_pauli,energy_physical_spin,energy_physical_per_site,depenbrock_dmrg_physical_per_site,delta_vs_depenbrock_dmrg_per_site,ahsan_19site_rounded_unscaled_energy,delta_vs_ahsan_rounded_19site_unscaled
Static dimer,Depenbrock2012 thermodynamic DMRG / Ahsan2026 rounded 19-site calibration,-26.999999999999996,-6.749999999999999,-0.3552631578947368,-0.4386,0.08333684210526321,-29.14,2.140000000000004
Equal RVB-54,Depenbrock2012 thermodynamic DMRG / Ahsan2026 rounded 19-site calibration,-26.397813069513145,-6.599453267378286,-0.3473396456514887,-0.4386,0.09126035434851126,-29.14,2.742186930486856
Weighted RVB-54,Depenbrock2012 thermodynamic DMRG / Ahsan2026 rounded 19-site calibration,-29.012072100265204,-7.253018025066301,-0.3817377907929632,-0.4386,0.056862209207036774,-29.14,0.12792789973479657
Weighted RVB + HVA p=1,Depenbrock2012 thermodynamic DMRG / Ahsan2026 rounded 19-site calibration,-29.023026272025174,-7.255756568006293,-0.3818819246319102,-0.4386,0.056718075368089815,-29.14,0.11697372797482686
Weighted RVB + HVA p=2,Depenbrock2012 thermodynamic DMRG / Ahsan2026 rounded 19-site calibration,-29.036331824193052,-7.259082956048263,-0.38205699768675067,-0.4386,0.056543002313249324,-29.14,0.10366817580694843
Weighted RVB + HVA p=3,Depenbrock2012 thermodynamic DMRG / Ahsan2026 rounded 19-site calibration,-29.037493973404942,-7.2593734933512355,-0.38207228912374924,-0.4386,0.05652771087625075,-29.14,0.10250602659505859
Weighted RVB + HVA p=4,Depenbrock2012 thermodynamic DMRG / Ahsan2026 rounded 19-site calibration,-29.03760135180198,-7.259400337950495,-0.3820737019973945,-0.4386,0.0565262980026055,-29.14,0.1023986481980188
Exact,Depenbrock2012 thermodynamic DMRG / Ahsan2026 rounded 19-site calibration,-29.14616810935009,-7.286542027337522,-0.38350221196513273,-0.4386,0.05509778803486726,-29.14,-0.006168109350088713
